datetime,option_symbol,action,order_size,pnl
2024-03-08T15:18:17.163181551Z,SPX   240315C04000000,S,100,597000.0000000005
2024-03-08T18:53:05.484235383Z,SPX   240315C04000000,B,100,597000.0000000005
2024-03-08T15:18:17.222182225Z,SPX   240315C05000000,S,100,580000.0
2024-03-08T18:40:19.331617719Z,SPX   240315C05000000,B,100,580000.0
2024-03-12T19:55:18.452850241Z,SPX   240315C04975000,S,100,549000.0000000001
2024-03-12T13:46:32.512228120Z,SPX   240315C04975000,B,100,549000.0000000001
2024-03-12T19:56:00.765831164Z,SPX   240315C04950000,S,100,542000.0000000002
2024-03-12T13:46:32.512228120Z,SPX   240315C04950000,B,100,542000.0000000002
2024-03-08T15:18:17.222182225Z,SPX   240315C05000000,S,100,530999.9999999999
2024-03-08T20:59:10.768345260Z,SPX   240315C05000000,B,100,530999.9999999999
2024-03-08T14:58:38.213348220Z,SPX   240315C04800000,S,100,493000.0000000001
2024-03-08T18:33:26.886958866Z,SPX   240315C04800000,B,100,493000.0000000001
2024-03-08T15:00:57.029516729Z,SPX   240315C05000000,S,100,486999.9999999999
2024-03-08T18:33:52.866942011Z,SPX   240315C05000000,B,100,486999.9999999999
2024-03-08T15:53:00.716848626Z,SPX   240315C04800000,S,100,481000.0000000002
2024-03-08T18:33:26.886953073Z,SPX   240315C04800000,B,100,481000.0000000002
2024-03-08T15:00:57.029516729Z,SPX   240315C05000000,S,100,480999.9999999999
2024-03-08T21:13:00.006340578Z,SPX   240315C05000000,B,100,480999.9999999999
2024-02-02T19:49:06.787788016Z,SPX   240216C04800000,S,100,475000.0
2024-02-02T15:08:49.104409373Z,SPX   240216C04800000,B,100,475000.0
2024-02-02T20:10:40.767051157Z,SPX   240315C04800000,S,100,470999.9999999999
2024-02-02T14:53:19.816353788Z,SPX   240315C04800000,B,100,470999.9999999999
2024-02-02T20:12:22.663044116Z,SPX   240216C04850000,S,100,469000.0000000001
2024-02-02T14:54:48.014379744Z,SPX   240216C04850000,B,100,469000.0000000001
2024-03-08T15:33:07.662117511Z,SPX   240315C05040000,S,100,463000.0000000001
2024-03-08T20:59:10.768354519Z,SPX   240315C05040000,B,100,463000.0000000001
2024-03-08T15:11:02.575342874Z,SPX   240315C05090000,S,100,458000.0
2024-03-08T18:53:56.079308662Z,SPX   240315C05090000,B,100,458000.0
2024-03-08T15:11:02.575342874Z,SPX   240315C05090000,S,100,458000.0
2024-03-08T18:53:56.079292911Z,SPX   240315C05090000,B,100,458000.0
2024-03-08T15:37:58.326613533Z,SPX   240315C04000000,S,100,455999.99999999907
2024-03-08T18:33:52.866926320Z,SPX   240315C04000000,B,100,455999.99999999907
2024-03-08T15:09:57.994016698Z,SPX   240315C05050000,S,100,455000.0
2024-03-08T21:01:25.215072701Z,SPX   240315C05050000,B,100,455000.0
2024-03-08T15:09:57.994016698Z,SPX   240315C05050000,S,100,455000.0
2024-03-08T21:01:25.206658362Z,SPX   240315C05050000,B,100,455000.0
2024-03-08T15:11:02.719250387Z,SPX   240315C05090000,S,100,454000.0
2024-03-08T18:41:07.210070832Z,SPX   240315C05090000,B,100,454000.0
2024-01-31T19:45:29.614286246Z,SPX   240216C04750000,S,100,453999.9999999999
2024-01-31T20:53:55.583538386Z,SPX   240216C04750000,B,100,453999.9999999999
2024-03-08T15:53:00.970992798Z,SPX   240315C04800000,S,100,451999.9999999999
2024-03-08T18:05:58.166552911Z,SPX   240315C04800000,B,100,451999.9999999999
2024-01-08T21:04:00.791930575Z,SPX   240119C04500000,S,100,451000.0000000002
2024-01-08T14:54:08.208975512Z,SPX   240119C04500000,B,100,451000.0000000002
2024-03-08T15:53:00.848687508Z,SPX   240315C04800000,S,100,450999.99999999965
2024-03-08T18:05:58.166558462Z,SPX   240315C04800000,B,100,450999.99999999965
2024-02-02T20:10:40.767061117Z,SPX   240315C04800000,S,95,447449.9999999999
2024-02-02T14:53:19.816353788Z,SPX   240315C04800000,B,95,447449.9999999999
2024-01-31T14:34:53.323019774Z,SPX   240216C04750000,S,100,447000.0
2024-01-31T21:12:14.579492220Z,SPX   240216C04750000,B,100,447000.0
2024-03-12T14:53:09.293761547Z,SPX   240315C04675000,S,98,444920.00000000035
2024-03-12T13:50:03.182791685Z,SPX   240315C04675000,B,98,444920.00000000035
2024-03-08T15:07:29.845006104Z,SPX   240315C05070000,S,98,443939.99999999994
2024-03-08T21:00:47.694974081Z,SPX   240315C05070000,B,98,443939.99999999994
2024-02-02T20:10:24.282252247Z,SPX   240216C04890000,S,100,442000.0
2024-02-02T14:33:00.494016252Z,SPX   240216C04890000,B,100,442000.0
2024-03-08T15:38:40.005500177Z,SPX   240315C04000000,S,100,440999.99999999907
2024-03-08T21:09:58.927604985Z,SPX   240315C04000000,B,100,440999.99999999907
2024-03-08T15:06:16.959480487Z,SPX   240315C05000000,S,92,432400.0
2024-03-08T21:13:00.006340578Z,SPX   240315C05000000,B,92,432400.0
2024-03-08T15:06:16.959464278Z,SPX   240315C05000000,S,92,432400.0
2024-03-08T21:13:00.006340578Z,SPX   240315C05000000,B,92,432400.0
2024-03-08T15:06:16.959444370Z,SPX   240315C05000000,S,92,432400.0
2024-03-08T21:13:00.006937006Z,SPX   240315C05000000,B,92,432400.0
2024-03-08T15:06:16.959471148Z,SPX   240315C05000000,S,92,432400.0
2024-03-08T21:13:00.006937006Z,SPX   240315C05000000,B,92,432400.0
2024-02-02T20:14:18.094816677Z,SPX   240315C04850000,S,100,431999.9999999999
2024-02-02T14:53:19.816357813Z,SPX   240315C04850000,B,100,431999.9999999999
2024-01-19T15:22:42.590370806Z,SPX   240216P05000000,S,100,431000.0000000002
2024-01-19T21:13:12.882075557Z,SPX   240216P05000000,B,100,431000.0000000002
2024-03-08T15:37:58.326032269Z,SPX   240315C05000000,S,100,430999.9999999999
2024-03-08T21:13:00.076632893Z,SPX   240315C05000000,B,100,430999.9999999999
2024-03-08T15:37:58.325566219Z,SPX   240315C05000000,S,100,430999.9999999999
2024-03-08T21:13:00.005689052Z,SPX   240315C05000000,B,100,430999.9999999999
2024-03-12T19:22:08.538358579Z,SPX   240315C05075000,S,100,428000.0
2024-03-12T13:46:36.712961770Z,SPX   240315C05075000,B,100,428000.0
2024-03-14T13:38:55.725852661Z,SPX   240315C05000000,S,100,425000.0
2024-03-14T19:37:41.619546975Z,SPX   240315C05000000,B,100,425000.0
2024-03-08T14:55:35.091812201Z,SPX   240419C04950000,S,100,422000.0000000002
2024-03-08T18:36:37.979790055Z,SPX   240419C04950000,B,100,422000.0000000002
2024-03-08T15:21:42.044875205Z,SPX   240315C04975000,S,100,421999.9999999999
2024-03-08T18:19:59.641729982Z,SPX   240315C04975000,B,100,421999.9999999999
2024-03-08T15:37:58.325566219Z,SPX   240315C05000000,S,100,420999.9999999999
2024-03-08T21:01:25.206653062Z,SPX   240315C05000000,B,100,420999.9999999999
2024-03-08T15:37:58.326624160Z,SPX   240315C05000000,S,100,420999.9999999999
2024-03-08T21:01:25.206653062Z,SPX   240315C05000000,B,100,420999.9999999999
2024-03-08T15:37:58.326624160Z,SPX   240315C05000000,S,100,420999.9999999999
2024-03-08T21:01:25.215068125Z,SPX   240315C05000000,B,100,420999.9999999999
2024-02-02T20:10:24.282252247Z,SPX   240216C04890000,S,100,420999.9999999999
2024-02-02T14:38:03.379389429Z,SPX   240216C04890000,B,100,420999.9999999999
2024-02-02T19:42:28.349468643Z,SPX   240216C04900000,S,100,420000.0000000001
2024-02-02T14:32:50.793587888Z,SPX   240216C04900000,B,100,420000.0000000001
2024-02-02T19:42:28.349463129Z,SPX   240216C04900000,S,100,420000.0000000001
2024-02-02T14:32:50.794924998Z,SPX   240216C04900000,B,100,420000.0000000001
2024-02-02T20:19:15.936393871Z,SPX   240216C04870000,S,100,418000.0
2024-02-02T14:53:41.249586397Z,SPX   240216C04870000,B,100,418000.0
2024-03-08T15:52:49.988750623Z,SPX   240315C05060000,S,100,417000.0
2024-03-08T18:39:44.229308474Z,SPX   240315C05060000,B,100,417000.0
2024-01-08T20:56:22.528965163Z,SPX   240119C04675000,S,100,417000.0
2024-01-08T14:54:09.381835045Z,SPX   240119C04675000,B,100,417000.0
2024-01-08T20:56:22.528962225Z,SPX   240119C04675000,S,100,417000.0
2024-01-08T14:54:09.381835045Z,SPX   240119C04675000,B,100,417000.0
2024-03-12T15:04:27.952706772Z,SPX   240315C04960000,S,100,415999.9999999999
2024-03-12T13:48:53.481942239Z,SPX   240315C04960000,B,100,415999.9999999999
2024-03-14T13:43:25.867134113Z,SPX   240315C05000000,S,100,413000.0000000001
2024-03-14T19:37:32.534212947Z,SPX   240315C05000000,B,100,413000.0000000001
2024-02-02T19:49:11.960666590Z,SPX   240216C04900000,S,100,413000.0
2024-02-02T14:32:50.794802070Z,SPX   240216C04900000,B,100,413000.0
2024-02-02T19:49:11.960656698Z,SPX   240216C04900000,S,100,413000.0
2024-02-02T14:32:50.794802070Z,SPX   240216C04900000,B,100,413000.0
2024-02-02T19:49:11.960656698Z,SPX   240216C04900000,S,100,413000.0
2024-02-02T14:32:50.794875041Z,SPX   240216C04900000,B,100,413000.0
2024-02-02T19:49:11.960652124Z,SPX   240216C04900000,S,100,413000.0
2024-02-02T14:32:50.794875041Z,SPX   240216C04900000,B,100,413000.0
2024-01-31T14:34:53.323019774Z,SPX   240216C04750000,S,96,412800.0
2024-01-31T20:37:27.740766082Z,SPX   240216C04750000,B,96,412800.0
2024-02-02T20:10:20.726910315Z,SPX   240216C04890000,S,100,410999.9999999999
2024-02-02T15:05:36.335728396Z,SPX   240216C04890000,B,100,410999.9999999999
2024-03-08T18:56:51.901685689Z,SPX   240315P05185000,S,100,409999.9999999999
2024-03-08T15:14:58.400883225Z,SPX   240315P05185000,B,100,409999.9999999999
2024-03-08T15:24:07.395606451Z,SPX   240517C04900000,S,100,406000.00000000023
2024-03-08T18:37:30.892282851Z,SPX   240517C04900000,B,100,406000.00000000023
2024-02-02T19:45:54.103553191Z,SPX   240216C04850000,S,100,404000.00000000006
2024-02-02T14:57:41.086751977Z,SPX   240216C04850000,B,100,404000.00000000006
2024-02-02T19:49:11.960638022Z,SPX   240216C04900000,S,100,403000.00000000006
2024-02-02T14:33:05.816629232Z,SPX   240216C04900000,B,100,403000.00000000006
2024-03-08T15:53:52.633446394Z,SPX   240315C05100000,S,100,401999.99999999994
2024-03-08T20:57:36.527962050Z,SPX   240315C05100000,B,100,401999.99999999994
2024-03-08T15:53:52.633442494Z,SPX   240315C05100000,S,100,401999.99999999994
2024-03-08T20:57:36.527962050Z,SPX   240315C05100000,B,100,401999.99999999994
2024-03-08T18:54:23.145691469Z,SPX   240315P05180000,S,100,399000.0
2024-03-08T15:10:07.115250037Z,SPX   240315P05180000,B,100,399000.0
2024-03-08T15:50:06.740358029Z,SPX   240315C05100000,S,100,399000.0
2024-03-08T20:57:36.527967139Z,SPX   240315C05100000,B,100,399000.0
2024-02-13T20:20:04.499309379Z,SPX   240216P05000000,S,100,397999.99999999994
2024-02-13T16:43:52.698876563Z,SPX   240216P05000000,B,100,397999.99999999994
2024-03-20T20:14:48.246833495Z,SPX   240621C05100000,S,100,397999.9999999998
2024-03-20T17:40:28.334374077Z,SPX   240621C05100000,B,100,397999.9999999998
2024-02-02T19:40:44.119325961Z,SPX   240315C04900000,S,100,397000.0000000002
2024-02-02T14:30:15.505871473Z,SPX   240315C04900000,B,100,397000.0000000002
2024-01-19T15:33:08.718228123Z,SPX   240216P05000000,S,100,397000.0000000002
2024-01-19T20:52:26.808567983Z,SPX   240216P05000000,B,100,397000.0000000002
2024-02-02T19:49:11.960671766Z,SPX   240216C04875000,S,100,396999.9999999999
2024-02-02T15:07:39.596494427Z,SPX   240216C04875000,B,100,396999.9999999999
2024-02-02T19:48:23.511666941Z,SPX   240315C04900000,S,100,394000.00000000006
2024-02-02T14:30:15.505871473Z,SPX   240315C04900000,B,100,394000.00000000006
2024-02-02T19:44:26.031325119Z,SPX   240216C04850000,S,100,393999.9999999999
2024-02-02T14:49:15.729482072Z,SPX   240216C04850000,B,100,393999.9999999999
2024-02-02T19:44:26.031325119Z,SPX   240216C04850000,S,100,393999.9999999999
2024-02-02T14:49:15.729723385Z,SPX   240216C04850000,B,100,393999.9999999999
2024-02-01T21:04:26.929753071Z,SPX   240216C04750000,S,95,393300.00000000006
2024-02-01T16:15:25.112814134Z,SPX   240216C04750000,B,95,393300.00000000006
2024-03-08T14:54:49.171337702Z,SPX   240315C05100000,S,100,389999.9999999999
2024-03-08T20:57:36.527972324Z,SPX   240315C05100000,B,100,389999.9999999999
2024-03-08T18:37:06.519966101Z,SPX   240419P05250000,S,100,389000.00000000006
2024-03-08T15:41:48.819027337Z,SPX   240419P05250000,B,100,389000.00000000006
2024-01-08T20:19:45.036251750Z,SPX   240119C04650000,S,100,389000.00000000006
2024-01-08T14:55:54.245847266Z,SPX   240119C04650000,B,100,389000.00000000006
2024-02-22T19:28:38.762848816Z,SPX   240315C05000000,S,100,388999.9999999999
2024-02-22T14:36:51.652392068Z,SPX   240315C05000000,B,100,388999.9999999999
2024-03-20T20:14:48.246833495Z,SPX   240621C05100000,S,97,388000.0
2024-03-20T17:47:11.948124607Z,SPX   240621C05100000,B,97,388000.0
2024-02-02T20:29:47.977390208Z,SPX   240216C04890000,S,100,385999.99999999994
2024-02-02T14:58:33.651707824Z,SPX   240216C04890000,B,100,385999.99999999994
2024-03-08T15:06:16.959460021Z,SPX   240315C05000000,S,82,385400.0
2024-03-08T21:13:00.006937006Z,SPX   240315C05000000,B,82,385400.0
2024-01-08T20:24:21.362733960Z,SPX   240119C04650000,S,100,385000.0
2024-01-08T14:55:54.245847266Z,SPX   240119C04650000,B,100,385000.0
2024-02-02T19:43:40.794687400Z,SPX   240216C04860000,S,97,383150.0
2024-02-02T15:16:41.274855963Z,SPX   240216C04860000,B,97,383150.0
2024-03-08T15:36:35.377232360Z,SPX   240315C04800000,S,100,383000.0000000001
2024-03-08T18:15:39.945906352Z,SPX   240315C04800000,B,100,383000.0000000001
2024-03-20T13:36:18.643219897Z,SPX   240419P05350000,S,100,382999.99999999994
2024-03-20T20:10:05.621433664Z,SPX   240419P05350000,B,100,382999.99999999994
2024-03-20T13:36:18.642876610Z,SPX   240419P05350000,S,100,382999.99999999994
2024-03-20T20:10:05.621433664Z,SPX   240419P05350000,B,100,382999.99999999994
2024-03-20T13:36:18.642527872Z,SPX   240419P05350000,S,100,382999.99999999994
2024-03-20T20:10:05.621433664Z,SPX   240419P05350000,B,100,382999.99999999994
2024-03-20T13:36:18.642307435Z,SPX   240419P05350000,S,100,382999.99999999994
2024-03-20T20:10:05.621007883Z,SPX   240419P05350000,B,100,382999.99999999994
2024-02-02T19:38:00.327782250Z,SPX   240216C04825000,S,100,382999.99999999994
2024-02-02T15:23:51.533057723Z,SPX   240216C04825000,B,100,382999.99999999994
2024-02-02T20:10:20.732446321Z,SPX   240216C04890000,S,93,382229.99999999994
2024-02-02T15:05:36.335728396Z,SPX   240216C04890000,B,93,382229.99999999994
2024-03-08T14:54:14.426163197Z,SPX   240315C05100000,S,99,382140.0
2024-03-08T20:57:36.527972324Z,SPX   240315C05100000,B,99,382140.0
2024-01-31T14:30:08.891083193Z,SPX   240216C04800000,S,100,382000.00000000006
2024-01-31T21:01:36.793086437Z,SPX   240216C04800000,B,100,382000.00000000006
2024-03-08T15:37:58.326022591Z,SPX   240315C04000000,S,85,380799.99999999965
2024-03-08T21:13:00.005664306Z,SPX   240315C04000000,B,85,380799.99999999965
2024-03-08T15:37:58.325515871Z,SPX   240315C04000000,S,85,380799.99999999965
2024-03-08T21:13:00.006932169Z,SPX   240315C04000000,B,85,380799.99999999965
2024-02-02T19:49:11.960671766Z,SPX   240315C04900000,S,100,379999.9999999999
2024-02-02T14:39:12.154414036Z,SPX   240315C04900000,B,100,379999.9999999999
2024-02-02T19:49:11.960671766Z,SPX   240315C04900000,S,100,379999.9999999999
2024-02-02T15:12:37.742056842Z,SPX   240315C04900000,B,100,379999.9999999999
2024-02-02T19:49:11.960661660Z,SPX   240315C04900000,S,100,379999.9999999999
2024-02-02T15:12:37.742056842Z,SPX   240315C04900000,B,100,379999.9999999999
2024-02-02T19:49:11.960661660Z,SPX   240315C04900000,S,100,379999.9999999999
2024-02-02T14:42:34.629533997Z,SPX   240315C04900000,B,100,379999.9999999999
2024-02-02T19:49:11.960652124Z,SPX   240315C04900000,S,100,379999.9999999999
2024-02-02T14:42:34.629533997Z,SPX   240315C04900000,B,100,379999.9999999999
2024-01-19T21:14:30.111454935Z,SPX   240216C04000000,S,100,378999.99999999977
2024-01-19T15:22:42.449619576Z,SPX   240216C04000000,B,100,378999.99999999977
2024-02-02T20:27:41.912123976Z,SPX   240315C04850000,S,90,378899.99999999994
2024-02-02T14:53:19.816357813Z,SPX   240315C04850000,B,90,378899.99999999994
2024-02-02T19:49:11.960641447Z,SPX   240315C04900000,S,100,377999.9999999998
2024-02-02T15:10:41.612005352Z,SPX   240315C04900000,B,100,377999.9999999998
2024-02-02T19:49:11.960626563Z,SPX   240315C04900000,S,100,377999.9999999998
2024-02-02T14:50:38.977129748Z,SPX   240315C04900000,B,100,377999.9999999998
2024-02-02T19:48:23.511666941Z,SPX   240315C04900000,S,96,377280.0
2024-02-02T14:34:44.580048353Z,SPX   240315C04900000,B,96,377280.0
2024-03-08T15:28:15.081235342Z,SPX   240517C04925000,S,100,377000.00000000047
2024-03-08T20:40:17.727438528Z,SPX   240517C04925000,B,100,377000.00000000047
2024-02-02T19:49:11.960671766Z,SPX   240216C04875000,S,100,375999.99999999994
2024-02-02T14:57:41.086757115Z,SPX   240216C04875000,B,100,375999.99999999994
2024-02-02T19:49:11.960661660Z,SPX   240216C04875000,S,100,375999.99999999994
2024-02-02T14:57:41.086757115Z,SPX   240216C04875000,B,100,375999.99999999994
2024-03-08T15:07:29.845010293Z,SPX   240315C05070000,S,83,375989.99999999994
2024-03-08T21:00:47.694974081Z,SPX   240315C05070000,B,83,375989.99999999994
2024-02-02T20:11:00.132756141Z,SPX   240315C04940000,S,100,375000.0
2024-02-02T14:33:31.426467526Z,SPX   240315C04940000,B,100,375000.0
2024-02-02T20:00:08.219026937Z,SPX   240315C04935000,S,100,375000.0
2024-02-02T14:32:50.794935079Z,SPX   240315C04935000,B,100,375000.0
2024-02-02T20:00:06.815589861Z,SPX   240315C04935000,S,100,375000.0
2024-02-02T14:32:50.794894928Z,SPX   240315C04935000,B,100,375000.0
2024-01-08T14:55:10.351936307Z,SPX   240119P04800000,S,100,375000.0
2024-01-08T19:58:35.402584454Z,SPX   240119P04800000,B,100,375000.0
2024-02-02T20:10:40.767061117Z,SPX   240315C04800000,S,76,373159.99999999994
2024-02-02T14:35:11.350784900Z,SPX   240315C04800000,B,76,373159.99999999994
2024-03-05T15:03:48.797236998Z,SPX   240315C05000000,S,100,372999.99999999994
2024-03-05T20:21:46.582162441Z,SPX   240315C05000000,B,100,372999.99999999994
2024-02-02T19:45:53.431663298Z,SPX   240216C04890000,S,100,372999.99999999994
2024-02-02T15:33:46.897293760Z,SPX   240216C04890000,B,100,372999.99999999994
2024-03-20T20:09:50.797963321Z,SPX   240419C05100000,S,100,372999.9999999998
2024-03-20T17:31:14.049717203Z,SPX   240419C05100000,B,100,372999.9999999998
2024-02-02T20:12:06.990255275Z,SPX   240315C04910000,S,97,372480.00000000006
2024-02-02T14:51:16.602737571Z,SPX   240315C04910000,B,97,372480.00000000006
2024-02-02T20:12:06.990244567Z,SPX   240315C04910000,S,97,372480.00000000006
2024-02-02T14:51:16.602737571Z,SPX   240315C04910000,B,97,372480.00000000006
2024-03-08T15:37:58.326624160Z,SPX   240621C04000000,S,96,372479.99999999953
2024-03-08T21:07:47.170600991Z,SPX   240621C04000000,B,96,372479.99999999953
2024-02-02T20:10:21.282081464Z,SPX   240621C04900000,S,100,371999.9999999999
2024-02-02T15:14:44.102706134Z,SPX   240621C04900000,B,100,371999.9999999999
2024-03-08T15:53:00.595515123Z,SPX   240315C04800000,S,77,370370.0000000002
2024-03-08T18:33:26.886953073Z,SPX   240315C04800000,B,77,370370.0000000002
2024-03-08T14:54:14.426163197Z,SPX   240315C05100000,S,100,370000.0
2024-03-08T20:50:38.473102355Z,SPX   240315C05100000,B,100,370000.0
2024-03-08T14:54:14.426163197Z,SPX   240315C05100000,S,100,370000.0
2024-03-08T20:50:37.435683274Z,SPX   240315C05100000,B,100,370000.0
2024-03-08T14:54:14.426163197Z,SPX   240315C05100000,S,100,370000.0
2024-03-08T20:50:32.359537031Z,SPX   240315C05100000,B,100,370000.0
2024-03-08T15:52:49.988750623Z,SPX   240315C05100000,S,100,370000.0
2024-03-08T20:50:37.435680776Z,SPX   240315C05100000,B,100,370000.0
2024-03-08T15:52:49.988750623Z,SPX   240315C05100000,S,100,370000.0
2024-03-08T20:50:36.425213266Z,SPX   240315C05100000,B,100,370000.0
2024-02-02T20:07:46.996963225Z,SPX   240315C04900000,S,100,370000.0
2024-02-02T14:43:24.706445421Z,SPX   240315C04900000,B,100,370000.0
2024-02-13T20:07:56.459915736Z,SPX   240216P05000000,S,100,370000.0
2024-02-13T16:43:52.699171305Z,SPX   240216P05000000,B,100,370000.0
2024-02-02T19:49:11.960621527Z,SPX   240216C04900000,S,100,370000.0
2024-02-02T14:44:13.140865513Z,SPX   240216C04900000,B,100,370000.0
2024-01-19T15:15:37.474117228Z,SPX   240315P05000000,S,100,369000.00000000006
2024-01-19T20:17:55.722375958Z,SPX   240315P05000000,B,100,369000.00000000006
2024-03-08T15:24:07.395606451Z,SPX   240315C04900000,S,84,368760.00000000006
2024-03-08T20:28:22.401606187Z,SPX   240315C04900000,B,84,368760.00000000006
2024-01-08T20:45:13.629417143Z,SPX   240216C04675000,S,100,368000.0000000001
2024-01-08T14:30:10.750384685Z,SPX   240216C04675000,B,100,368000.0000000001
2024-02-02T19:44:09.201627546Z,SPX   240216C04890000,S,100,367999.99999999994
2024-02-02T14:56:37.276001258Z,SPX   240216C04890000,B,100,367999.99999999994
2024-03-12T19:26:24.737826803Z,SPX   240315C05080000,S,100,367000.00000000006
2024-03-12T13:38:23.866374501Z,SPX   240315C05080000,B,100,367000.00000000006
2024-02-02T20:14:27.296465021Z,SPX   240315C04930000,S,100,367000.00000000006
2024-02-02T14:38:06.578712362Z,SPX   240315C04930000,B,100,367000.00000000006
2024-02-02T20:14:02.132682319Z,SPX   240315C04930000,S,100,367000.00000000006
2024-02-02T14:38:06.578712362Z,SPX   240315C04930000,B,100,367000.00000000006
2024-01-18T20:53:29.452138472Z,SPX   240119C04700000,S,100,366999.99999999994
2024-01-18T18:25:41.660450829Z,SPX   240119C04700000,B,100,366999.99999999994
2024-02-22T19:21:47.470440132Z,SPX   240419C04850000,S,100,366000.00000000023
2024-02-22T14:37:12.003551831Z,SPX   240419C04850000,B,100,366000.00000000023
2024-03-05T14:30:11.270058451Z,SPX   240315C04975000,S,100,365999.99999999994
2024-03-05T20:33:12.767002657Z,SPX   240315C04975000,B,100,365999.99999999994
2024-01-19T15:02:18.152953588Z,SPX   240216P05000000,S,100,365999.99999999994
2024-01-19T20:53:49.900694343Z,SPX   240216P05000000,B,100,365999.99999999994
2024-01-08T20:59:11.159259151Z,SPX   240119C04700000,S,100,365000.0000000001
2024-01-08T14:33:08.347627236Z,SPX   240119C04700000,B,100,365000.0000000001
2024-01-08T20:52:02.440244518Z,SPX   240419C04700000,S,100,365000.0
2024-01-08T14:30:05.426128965Z,SPX   240419C04700000,B,100,365000.0
2024-03-14T13:42:33.339626776Z,SPX   240315C05120000,S,100,365000.0
2024-03-14T19:37:22.618753592Z,SPX   240315C05120000,B,100,365000.0
2024-02-02T19:44:04.597855728Z,SPX   240315C04935000,S,97,364720.00000000006
2024-02-02T14:32:50.793592790Z,SPX   240315C04935000,B,97,364720.00000000006
2024-03-12T13:56:13.190990411Z,SPX   240315P05300000,S,100,364000.00000000006
2024-03-12T19:54:02.312776907Z,SPX   240315P05300000,B,100,364000.00000000006
2024-02-02T20:00:00.563552352Z,SPX   240216C04910000,S,100,364000.00000000006
2024-02-02T14:53:41.249591563Z,SPX   240216C04910000,B,100,364000.00000000006
2024-01-19T19:27:40.623001200Z,SPX   240216C04725000,S,100,364000.00000000006
2024-01-19T14:33:02.480094251Z,SPX   240216C04725000,B,100,364000.00000000006
2024-03-14T13:35:40.408875949Z,SPX   240315C05100000,S,100,363999.9999999999
2024-03-14T19:37:22.618758101Z,SPX   240315C05100000,B,100,363999.9999999999
2024-02-02T19:49:11.960671766Z,SPX   240315C04930000,S,100,363000.0000000001
2024-02-02T14:38:06.578712362Z,SPX   240315C04930000,B,100,363000.0000000001
2024-02-02T19:49:11.960671766Z,SPX   240315C04930000,S,100,363000.0000000001
2024-02-02T14:38:06.578961374Z,SPX   240315C04930000,B,100,363000.0000000001
2024-02-02T19:49:11.960666590Z,SPX   240315C04930000,S,100,363000.0000000001
2024-02-02T14:38:06.578961374Z,SPX   240315C04930000,B,100,363000.0000000001
2024-01-08T20:56:26.102124587Z,SPX   240216C04575000,S,100,363000.0000000001
2024-01-08T14:50:34.252243552Z,SPX   240216C04575000,B,100,363000.0000000001
2024-03-08T15:37:58.326032269Z,SPX   240315C05000000,S,84,362039.99999999994
2024-03-08T21:13:00.006937006Z,SPX   240315C05000000,B,84,362039.99999999994
2024-01-18T20:53:29.452138472Z,SPX   240119C04700000,S,100,361999.99999999994
2024-01-18T18:20:13.182846537Z,SPX   240119C04700000,B,100,361999.99999999994
2024-01-18T20:53:29.452138472Z,SPX   240119C04700000,S,100,361999.99999999994
2024-01-18T18:20:13.182851344Z,SPX   240119C04700000,B,100,361999.99999999994
2024-03-08T17:57:07.977899452Z,SPX   240315P05200000,S,100,361000.0
2024-03-08T15:15:22.527390156Z,SPX   240315P05200000,B,100,361000.0
2024-03-08T17:57:07.977894308Z,SPX   240315P05200000,S,100,361000.0
2024-03-08T15:16:37.378845487Z,SPX   240315P05200000,B,100,361000.0
2024-03-08T17:57:07.977889607Z,SPX   240315P05200000,S,100,361000.0
2024-03-08T15:16:37.378845487Z,SPX   240315P05200000,B,100,361000.0
2024-03-08T17:57:07.977884791Z,SPX   240315P05200000,S,100,361000.0
2024-03-08T15:16:37.379443615Z,SPX   240315P05200000,B,100,361000.0
2024-01-19T15:34:57.678176473Z,SPX   240315P05000000,S,100,360999.99999999994
2024-01-19T20:27:26.095533735Z,SPX   240315P05000000,B,100,360999.99999999994
2024-03-14T13:42:14.003325925Z,SPX   240315C04900000,S,100,360999.99999999994
2024-03-14T19:20:28.859471388Z,SPX   240315C04900000,B,100,360999.99999999994
2024-01-08T20:36:48.625260433Z,SPX   240216C04600000,S,100,360999.99999999994
2024-01-08T14:37:17.187053365Z,SPX   240216C04600000,B,100,360999.99999999994
2024-03-08T16:01:47.468279185Z,SPX   240315C04800000,S,99,360359.99999999977
2024-03-08T18:15:39.945896830Z,SPX   240315C04800000,B,99,360359.99999999977
2024-02-02T20:12:22.663044116Z,SPX   240216C04920000,S,100,360000.0000000001
2024-02-02T15:10:24.754686857Z,SPX   240216C04920000,B,100,360000.0000000001
2024-01-19T15:11:32.107111819Z,SPX   240315P05000000,S,100,360000.0
2024-01-19T20:27:26.038557959Z,SPX   240315P05000000,B,100,360000.0
2024-03-08T15:01:55.999562832Z,SPX   240621C05150000,S,100,359000.00000000006
2024-03-08T18:41:33.559587238Z,SPX   240621C05150000,B,100,359000.00000000006
2024-03-08T15:01:55.999562832Z,SPX   240621C05150000,S,100,359000.00000000006
2024-03-08T18:41:33.559892824Z,SPX   240621C05150000,B,100,359000.00000000006
2024-02-22T19:28:06.657303049Z,SPX   240517C05000000,S,100,359000.00000000006
2024-02-22T14:33:28.687023729Z,SPX   240517C05000000,B,100,359000.00000000006
2024-02-13T20:29:28.837267310Z,SPX   240216P05045000,S,100,358000.0000000001
2024-02-13T14:35:47.866077010Z,SPX   240216P05045000,B,100,358000.0000000001
2024-03-08T15:07:56.797990855Z,SPX   240315C05150000,S,100,357999.99999999994
2024-03-08T20:59:44.649745772Z,SPX   240315C05150000,B,100,357999.99999999994
2024-03-08T14:48:19.874373989Z,SPX   240315C05100000,S,100,357999.99999999994
2024-03-08T20:50:35.407060506Z,SPX   240315C05100000,B,100,357999.99999999994
2024-03-08T14:48:19.874373989Z,SPX   240315C05100000,S,100,357999.99999999994
2024-03-08T20:50:35.407065228Z,SPX   240315C05100000,B,100,357999.99999999994
2024-01-08T14:36:10.586708886Z,SPX   240119P04800000,S,100,357999.99999999994
2024-01-08T19:58:35.402584454Z,SPX   240119P04800000,B,100,357999.99999999994
2024-03-08T14:55:35.091805533Z,SPX   240315C04900000,S,84,357839.99999999994
2024-03-08T20:28:22.401592206Z,SPX   240315C04900000,B,84,357839.99999999994
2024-02-02T20:12:42.358661579Z,SPX   240315C04890000,S,90,357300.00000000006
2024-02-02T14:42:34.629522684Z,SPX   240315C04890000,B,90,357300.00000000006
2024-02-13T16:37:16.370447251Z,SPX   240216C04900000,S,100,357000.00000000006
2024-02-13T20:23:17.094681245Z,SPX   240216C04900000,B,100,357000.00000000006
2024-02-02T20:53:45.385959366Z,SPX   240216C04850000,S,100,357000.00000000006
2024-02-02T14:49:15.730033499Z,SPX   240216C04850000,B,100,357000.00000000006
2024-03-14T13:37:45.953727531Z,SPX   240315C05125000,S,100,356999.99999999994
2024-03-14T19:36:31.923045576Z,SPX   240315C05125000,B,100,356999.99999999994
2024-03-14T13:37:45.953707129Z,SPX   240315C05125000,S,100,356999.99999999994
2024-03-14T19:36:31.923045576Z,SPX   240315C05125000,B,100,356999.99999999994
2024-03-08T15:01:55.999562832Z,SPX   240621C05150000,S,100,356999.9999999999
2024-03-08T20:59:43.187730880Z,SPX   240621C05150000,B,100,356999.9999999999
2024-03-08T17:57:07.977909326Z,SPX   240315P05200000,S,97,355990.0
2024-03-08T15:08:05.903896787Z,SPX   240315P05200000,B,97,355990.0
2024-02-02T20:14:10.443316043Z,SPX   240621C04900000,S,100,355000.0
2024-02-02T15:21:55.816444347Z,SPX   240621C04900000,B,100,355000.0
2024-03-08T15:46:28.778263243Z,SPX   240315C05100000,S,100,355000.0
2024-03-08T20:50:39.468436154Z,SPX   240315C05100000,B,100,355000.0
2024-02-02T20:11:00.132465237Z,SPX   240315C04940000,S,100,355000.0
2024-02-02T14:38:52.939858239Z,SPX   240315C04940000,B,100,355000.0
2024-02-02T20:11:00.132154503Z,SPX   240315C04940000,S,100,355000.0
2024-02-02T15:09:37.920985375Z,SPX   240315C04940000,B,100,355000.0
2024-02-02T20:07:46.995579695Z,SPX   240315C04900000,S,100,355000.0
2024-02-02T14:56:03.583079707Z,SPX   240315C04900000,B,100,355000.0
2024-02-01T20:55:22.768207411Z,SPX   240216C04725000,S,100,355000.0
2024-02-01T15:57:24.522019504Z,SPX   240216C04725000,B,100,355000.0
2024-02-02T20:29:01.749795636Z,SPX   240315C04910000,S,97,354050.0000000001
2024-02-02T15:08:20.096753467Z,SPX   240315C04910000,B,97,354050.0000000001
2024-02-02T20:07:46.996060903Z,SPX   240315C04900000,S,100,354000.00000000006
2024-02-02T15:32:26.653013192Z,SPX   240315C04900000,B,100,354000.00000000006
2024-03-08T15:14:04.804551402Z,SPX   240315C05150000,S,100,354000.0
2024-03-08T20:56:07.523018765Z,SPX   240315C05150000,B,100,354000.0
2024-03-14T13:37:45.816765824Z,SPX   240315C05125000,S,100,354000.0
2024-03-14T19:37:44.039897175Z,SPX   240315C05125000,B,100,354000.0
2024-03-05T14:34:01.025629157Z,SPX   240315C04800000,S,100,353999.99999999977
2024-03-05T19:55:14.160514646Z,SPX   240315C04800000,B,100,353999.99999999977
2024-01-08T20:42:31.709246204Z,SPX   240315C04650000,S,100,353000.0000000001
2024-01-08T14:46:52.101465688Z,SPX   240315C04650000,B,100,353000.0000000001
2024-03-14T13:36:10.267877251Z,SPX   240315C05115000,S,100,352999.99999999994
2024-03-14T19:34:24.696387141Z,SPX   240315C05115000,B,100,352999.99999999994
2024-03-14T13:36:10.267877251Z,SPX   240315C05115000,S,100,352999.99999999994
2024-03-14T19:34:24.696582348Z,SPX   240315C05115000,B,100,352999.99999999994
2024-02-13T16:32:43.104363763Z,SPX   240216C04900000,S,100,352999.99999999994
2024-02-13T20:23:17.094681245Z,SPX   240216C04900000,B,100,352999.99999999994
2024-03-05T14:58:26.603520972Z,SPX   240315C04000000,S,100,352000.00000000047
2024-03-05T19:58:30.326902972Z,SPX   240315C04000000,B,100,352000.00000000047
2024-03-08T15:06:46.552488076Z,SPX   240419C05150000,S,100,352000.00000000006
2024-03-08T20:56:36.324818087Z,SPX   240419C05150000,B,100,352000.00000000006
2024-03-08T17:56:05.060810110Z,SPX   240315P05200000,S,100,352000.00000000006
2024-03-08T15:15:04.501845602Z,SPX   240315P05200000,B,100,352000.00000000006
2024-03-08T15:06:46.528600441Z,SPX   240315C05150000,S,100,351999.99999999994
2024-03-08T20:57:30.258396448Z,SPX   240315C05150000,B,100,351999.99999999994
2024-02-13T19:57:54.499333412Z,SPX   240216P05000000,S,100,351999.99999999994
2024-02-13T16:39:58.766874577Z,SPX   240216P05000000,B,100,351999.99999999994
2024-01-19T20:05:17.813021943Z,SPX   240315C04750000,S,100,351999.9999999999
2024-01-19T15:13:41.425402808Z,SPX   240315C04750000,B,100,351999.9999999999
2024-01-08T20:46:34.235373281Z,SPX   240216C04675000,S,100,351999.9999999999
2024-01-08T14:30:10.750384685Z,SPX   240216C04675000,B,100,351999.9999999999
2024-03-08T15:23:05.529271731Z,SPX   240419C05050000,S,90,351900.0000000002
2024-03-08T20:40:17.727433945Z,SPX   240419C05050000,B,90,351900.0000000002
2024-02-02T20:07:46.996657539Z,SPX   240315C04900000,S,100,350999.99999999994
2024-02-02T15:04:33.831438044Z,SPX   240315C04900000,B,100,350999.99999999994
2024-02-02T20:21:52.390442881Z,SPX   240621C04900000,S,100,350000.0
2024-02-02T15:21:55.758230868Z,SPX   240621C04900000,B,100,350000.0
2024-03-14T13:36:10.267877251Z,SPX   240315C05120000,S,100,350000.0
2024-03-14T19:36:37.940973541Z,SPX   240315C05120000,B,100,350000.0
2024-02-02T19:49:11.960666590Z,SPX   240315C04930000,S,100,350000.0
2024-02-02T14:39:17.652068028Z,SPX   240315C04930000,B,100,350000.0
2024-02-02T19:49:11.960656698Z,SPX   240315C04930000,S,100,350000.0
2024-02-02T14:39:17.652068028Z,SPX   240315C04930000,B,100,350000.0
2024-02-02T19:49:11.960646635Z,SPX   240315C04930000,S,100,350000.0
2024-02-02T14:39:17.707547290Z,SPX   240315C04930000,B,100,350000.0
2024-02-02T19:49:11.960631543Z,SPX   240315C04930000,S,100,350000.0
2024-02-02T14:39:17.648650065Z,SPX   240315C04930000,B,100,350000.0
2024-01-08T20:15:01.975176542Z,SPX   240119C04650000,S,100,350000.0
2024-01-08T14:55:54.256312163Z,SPX   240119C04650000,B,100,350000.0
2024-02-22T19:28:38.762845114Z,SPX   240315C05000000,S,90,349199.9999999999
2024-02-22T14:34:23.546816265Z,SPX   240315C05000000,B,90,349199.9999999999
2024-03-08T15:15:09.046861239Z,SPX   240419C05150000,S,100,349000.00000000006
2024-03-08T20:56:36.582229844Z,SPX   240419C05150000,B,100,349000.00000000006
2024-03-08T14:55:08.742509341Z,SPX   240419C05100000,S,100,349000.00000000006
2024-03-08T18:36:37.979318501Z,SPX   240419C05100000,B,100,349000.00000000006
2024-02-02T20:12:57.945701158Z,SPX   240517C04850000,S,90,348299.9999999999
2024-02-02T15:00:30.218887475Z,SPX   240517C04850000,B,90,348299.9999999999
2024-01-31T14:37:30.206110793Z,SPX   240216C04825000,S,100,348000.0000000001
2024-01-31T20:53:17.919659151Z,SPX   240216C04825000,B,100,348000.0000000001
2024-02-02T20:12:06.990279822Z,SPX   240315C04945000,S,100,347999.99999999994
2024-02-02T14:38:52.937212100Z,SPX   240315C04945000,B,100,347999.99999999994
2024-02-02T20:12:06.990255275Z,SPX   240315C04945000,S,100,347999.99999999994
2024-02-02T14:38:52.937212100Z,SPX   240315C04945000,B,100,347999.99999999994
2024-02-02T20:12:06.990255275Z,SPX   240315C04945000,S,100,347999.99999999994
2024-02-02T14:38:52.937218507Z,SPX   240315C04945000,B,100,347999.99999999994
2024-02-02T20:07:46.996657539Z,SPX   240315C04900000,S,100,347999.99999999994
2024-02-02T14:45:35.695517620Z,SPX   240315C04900000,B,100,347999.99999999994
2024-02-02T20:08:29.936869977Z,SPX   240621C04900000,S,100,347000.0000000002
2024-02-02T15:21:55.758230868Z,SPX   240621C04900000,B,100,347000.0000000002
2024-01-08T20:09:40.073020473Z,SPX   240216C04600000,S,100,347000.0000000002
2024-01-08T14:37:11.761442763Z,SPX   240216C04600000,B,100,347000.0000000002
2024-03-14T13:36:10.267877251Z,SPX   240315C05120000,S,100,347000.00000000006
2024-03-14T19:36:12.024637058Z,SPX   240315C05120000,B,100,347000.00000000006
2024-01-08T20:45:17.557889762Z,SPX   240119C04675000,S,100,347000.00000000006
2024-01-08T14:47:28.409459134Z,SPX   240119C04675000,B,100,347000.00000000006
2024-03-08T15:08:40.401928582Z,SPX   240419C05125000,S,100,346999.9999999999
2024-03-08T20:47:36.286699706Z,SPX   240419C05125000,B,100,346999.9999999999
2024-02-02T20:00:07.088767293Z,SPX   240315C04930000,S,100,345999.99999999994
2024-02-02T14:39:17.648900582Z,SPX   240315C04930000,B,100,345999.99999999994
2024-02-22T20:42:14.782392829Z,SPX   240315C04925000,S,100,345999.99999999994
2024-02-22T14:42:14.494449651Z,SPX   240315C04925000,B,100,345999.99999999994
2024-02-02T20:07:46.996366495Z,SPX   240315C04900000,S,100,345999.99999999994
2024-02-02T15:04:24.491074276Z,SPX   240315C04900000,B,100,345999.99999999994
2024-02-02T20:07:46.997283913Z,SPX   240315C04900000,S,100,345999.99999999994
2024-02-02T15:14:43.655914601Z,SPX   240315C04900000,B,100,345999.99999999994
2024-03-08T15:01:55.998199978Z,SPX   240621C05150000,S,100,345000.0
2024-03-08T18:45:52.819558185Z,SPX   240621C05150000,B,100,345000.0
2024-02-02T19:59:53.593188151Z,SPX   240621C05000000,S,100,345000.0
2024-02-02T15:10:14.811006668Z,SPX   240621C05000000,B,100,345000.0
2024-03-08T15:15:09.046866138Z,SPX   240315C05150000,S,100,345000.0
2024-03-08T18:41:33.578467655Z,SPX   240315C05150000,B,100,345000.0
2024-03-14T13:37:45.953732424Z,SPX   240315C05130000,S,100,345000.0
2024-03-14T19:35:45.591375343Z,SPX   240315C05130000,B,100,345000.0
2024-03-14T13:37:45.953732424Z,SPX   240315C05130000,S,100,345000.0
2024-03-14T19:37:17.144098260Z,SPX   240315C05130000,B,100,345000.0
2024-03-14T13:37:45.953712566Z,SPX   240315C05130000,S,100,345000.0
2024-03-14T19:35:49.587119463Z,SPX   240315C05130000,B,100,345000.0
2024-03-08T15:01:55.998199978Z,SPX   240621C05150000,S,100,344000.00000000006
2024-03-08T18:48:45.373696094Z,SPX   240621C05150000,B,100,344000.00000000006
2024-02-02T20:07:46.997283913Z,SPX   240315C04900000,S,100,344000.00000000006
2024-02-02T15:03:51.329899912Z,SPX   240315C04900000,B,100,344000.00000000006
2024-01-08T20:53:44.010915251Z,SPX   240119C04700000,S,100,344000.00000000006
2024-01-08T14:37:35.209718383Z,SPX   240119C04700000,B,100,344000.00000000006
2024-02-02T19:49:06.787788016Z,SPX   240216C04900000,S,100,343000.00000000006
2024-02-02T14:49:20.030174614Z,SPX   240216C04900000,B,100,343000.00000000006
2024-03-08T15:05:07.982571074Z,SPX   240419C05150000,S,100,342999.99999999994
2024-03-08T18:54:07.703875472Z,SPX   240419C05150000,B,100,342999.99999999994
2024-03-08T17:55:16.180709046Z,SPX   240315P05200000,S,100,342999.99999999994
2024-03-08T15:17:44.386952797Z,SPX   240315P05200000,B,100,342999.99999999994
2024-02-02T19:50:24.165372429Z,SPX   240315C04950000,S,100,342999.99999999994
2024-02-02T14:32:07.764067153Z,SPX   240315C04950000,B,100,342999.99999999994
2024-02-02T20:07:47.592586250Z,SPX   240315C04900000,S,100,342999.99999999994
2024-02-02T15:21:06.390240237Z,SPX   240315C04900000,B,100,342999.99999999994
2024-02-02T20:07:46.996366495Z,SPX   240315C04900000,S,99,342539.99999999994
2024-02-02T15:14:43.655914601Z,SPX   240315C04900000,B,99,342539.99999999994
2024-03-08T15:16:00.993621549Z,SPX   240315C05150000,S,98,342020.00000000006
2024-03-08T18:41:33.578467655Z,SPX   240315C05150000,B,98,342020.00000000006
2024-02-02T19:15:42.184981682Z,SPX   240517C04900000,S,100,342000.0000000002
2024-02-02T15:08:57.782279864Z,SPX   240517C04900000,B,100,342000.0000000002
2024-01-19T14:52:59.470449465Z,SPX   240216P04900000,S,100,342000.00000000006
2024-01-19T21:02:08.165340373Z,SPX   240216P04900000,B,100,342000.00000000006
2024-03-08T15:01:55.997914319Z,SPX   240621C05150000,S,100,341999.9999999999
2024-03-08T18:47:50.232488357Z,SPX   240621C05150000,B,100,341999.9999999999
2024-03-08T15:01:55.997914319Z,SPX   240621C05150000,S,100,341999.9999999999
2024-03-08T18:47:50.232744466Z,SPX   240621C05150000,B,100,341999.9999999999
2024-03-08T15:01:55.999212086Z,SPX   240621C05150000,S,100,341999.9999999999
2024-03-08T18:47:50.233061294Z,SPX   240621C05150000,B,100,341999.9999999999
2024-03-08T15:01:55.999212086Z,SPX   240621C05150000,S,100,341999.9999999999
2024-03-08T18:51:31.233687039Z,SPX   240621C05150000,B,100,341999.9999999999
2024-02-13T16:16:40.372894970Z,SPX   240216C04830000,S,100,341999.9999999999
2024-02-13T20:16:30.346569441Z,SPX   240216C04830000,B,100,341999.9999999999
2024-03-14T13:42:33.339621644Z,SPX   240315C05125000,S,100,341000.0
2024-03-14T19:37:44.039897175Z,SPX   240315C05125000,B,100,341000.0
2024-02-01T16:04:34.034861390Z,SPX   240216P04900000,S,100,341000.0
2024-02-01T21:14:14.279178282Z,SPX   240216P04900000,B,100,341000.0
2024-03-08T15:01:55.998568045Z,SPX   240621C05150000,S,100,340999.99999999994
2024-03-08T18:46:13.615091640Z,SPX   240621C05150000,B,100,340999.99999999994
2024-02-02T20:06:06.560382304Z,SPX   240621C04900000,S,100,340000.0
2024-02-02T15:21:55.757890054Z,SPX   240621C04900000,B,100,340000.0
2024-03-08T15:01:55.997919777Z,SPX   240315C05150000,S,100,340000.0
2024-03-08T18:43:46.542000115Z,SPX   240315C05150000,B,100,340000.0
2024-03-08T15:01:55.998568045Z,SPX   240315C05150000,S,100,340000.0
2024-03-08T18:43:34.068682226Z,SPX   240315C05150000,B,100,340000.0
2024-03-08T15:01:55.998872141Z,SPX   240315C05150000,S,100,340000.0
2024-03-08T20:58:45.760883211Z,SPX   240315C05150000,B,100,340000.0
2024-03-08T15:01:55.999217296Z,SPX   240315C05150000,S,100,340000.0
2024-03-08T20:58:45.760883211Z,SPX   240315C05150000,B,100,340000.0
2024-03-08T15:01:55.999583020Z,SPX   240315C05150000,S,100,340000.0
2024-03-08T18:49:34.605925020Z,SPX   240315C05150000,B,100,340000.0
2024-01-19T14:53:02.385797288Z,SPX   240216P04900000,S,100,340000.0
2024-01-19T21:02:08.165340373Z,SPX   240216P04900000,B,100,340000.0
2024-03-08T15:24:07.395606451Z,SPX   240315C04900000,S,67,339689.99999999994
2024-03-08T21:00:00.354548128Z,SPX   240315C04900000,B,67,339689.99999999994
2024-01-08T20:56:22.528962225Z,SPX   240119C04675000,S,90,339300.00000000006
2024-01-08T14:47:28.409459134Z,SPX   240119C04675000,B,90,339300.00000000006
2024-03-08T15:01:55.998568045Z,SPX   240621C05150000,S,100,339000.00000000006
2024-03-08T20:45:33.999072272Z,SPX   240621C05150000,B,100,339000.00000000006
2024-03-08T15:01:55.998568045Z,SPX   240621C05150000,S,100,339000.00000000006
2024-03-08T20:45:34.548565331Z,SPX   240621C05150000,B,100,339000.00000000006
2024-02-02T20:07:47.592591085Z,SPX   240315C04900000,S,100,339000.00000000006
2024-02-02T14:49:24.851357617Z,SPX   240315C04900000,B,100,339000.00000000006
2024-02-02T20:07:47.592600542Z,SPX   240315C04900000,S,100,339000.00000000006
2024-02-02T14:49:24.851357617Z,SPX   240315C04900000,B,100,339000.00000000006
2024-01-08T20:53:44.010900661Z,SPX   240119C04700000,S,100,339000.00000000006
2024-01-08T14:52:44.335795423Z,SPX   240119C04700000,B,100,339000.00000000006
2024-03-12T20:03:04.048762023Z,SPX   240419C05075000,S,90,338400.0000000001
2024-03-12T13:47:07.130497099Z,SPX   240419C05075000,B,90,338400.0000000001
2024-01-19T20:36:14.538101149Z,SPX   240315C04700000,S,100,338000.0000000001
2024-01-19T15:03:24.850587861Z,SPX   240315C04700000,B,100,338000.0000000001
2024-01-19T20:36:14.538090537Z,SPX   240315C04700000,S,100,338000.0000000001
2024-01-19T15:03:24.850587861Z,SPX   240315C04700000,B,100,338000.0000000001
2024-01-31T19:45:29.614291508Z,SPX   240216C04830000,S,100,338000.0000000001
2024-01-31T20:36:34.781948248Z,SPX   240216C04830000,B,100,338000.0000000001
2024-03-08T15:01:55.999583020Z,SPX   240315C05150000,S,100,338000.00000000006
2024-03-08T18:55:15.441602145Z,SPX   240315C05150000,B,100,338000.00000000006
2024-03-08T15:01:56.082666091Z,SPX   240315C05150000,S,100,338000.00000000006
2024-03-08T18:55:15.441602145Z,SPX   240315C05150000,B,100,338000.00000000006
2024-01-19T20:05:55.207369405Z,SPX   240315C04750000,S,100,337999.9999999998
2024-01-19T15:12:55.640606346Z,SPX   240315C04750000,B,100,337999.9999999998
2024-03-20T19:17:42.796149859Z,SPX   240920C05000000,S,100,337999.99999999953
2024-03-20T17:43:34.427789851Z,SPX   240920C05000000,B,100,337999.99999999953
2024-02-02T20:11:00.132756141Z,SPX   240315C04940000,S,90,337500.0
2024-02-02T14:33:31.363682949Z,SPX   240315C04940000,B,90,337500.0
2024-02-02T20:11:00.131853735Z,SPX   240315C04940000,S,90,337500.0
2024-02-02T14:33:31.365287694Z,SPX   240315C04940000,B,90,337500.0
2024-02-02T20:11:00.131853735Z,SPX   240315C04940000,S,90,337500.0
2024-02-02T14:33:31.363855588Z,SPX   240315C04940000,B,90,337500.0
2024-02-02T20:11:00.131598410Z,SPX   240315C04940000,S,90,337500.0
2024-02-02T14:33:31.364094496Z,SPX   240315C04940000,B,90,337500.0
2024-02-02T20:11:00.131598410Z,SPX   240315C04940000,S,90,337500.0
2024-02-02T14:33:31.364996263Z,SPX   240315C04940000,B,90,337500.0
2024-03-01T19:30:10.710576791Z,SPX   240517C04850000,S,100,337000.00000000047
2024-03-01T14:58:18.249261851Z,SPX   240517C04850000,B,100,337000.00000000047
2024-03-01T19:59:14.165418506Z,SPX   240419C05000000,S,100,337000.0000000002
2024-03-01T14:58:11.534205436Z,SPX   240419C05000000,B,100,337000.0000000002
2024-01-19T15:16:58.896114434Z,SPX   240315P05000000,S,100,337000.0000000002
2024-01-19T19:50:13.529098189Z,SPX   240315P05000000,B,100,337000.0000000002
2024-03-14T13:42:33.339621644Z,SPX   240315C05125000,S,100,337000.00000000006
2024-03-14T19:26:25.057762879Z,SPX   240315C05125000,B,100,337000.00000000006
2024-03-12T19:36:29.944536229Z,SPX   240315C05075000,S,100,337000.00000000006
2024-03-12T13:55:18.590354904Z,SPX   240315C05075000,B,100,337000.00000000006
2024-02-02T20:12:06.990234370Z,SPX   240315C04945000,S,100,337000.00000000006
2024-02-02T14:51:56.118490800Z,SPX   240315C04945000,B,100,337000.00000000006
2024-02-02T20:12:06.990234370Z,SPX   240315C04945000,S,100,337000.00000000006
2024-02-02T14:51:56.118747237Z,SPX   240315C04945000,B,100,337000.00000000006
2024-02-02T20:12:06.990270240Z,SPX   240315C04945000,S,100,337000.00000000006
2024-02-02T14:51:56.118139998Z,SPX   240315C04945000,B,100,337000.00000000006
2024-01-08T20:41:29.410471835Z,SPX   240119C04700000,S,100,337000.00000000006
2024-01-08T14:52:44.335795423Z,SPX   240119C04700000,B,100,337000.00000000006
2024-01-11T14:33:04.302665115Z,SPX   240119C04700000,S,100,337000.00000000006
2024-01-11T16:54:23.371721465Z,SPX   240119C04700000,B,100,337000.00000000006
2024-01-31T14:51:12.756785604Z,SPX   240315C04775000,S,100,336999.9999999999
2024-01-31T21:02:23.631853213Z,SPX   240315C04775000,B,100,336999.9999999999
2024-02-02T19:45:54.103553191Z,SPX   240216C04850000,S,84,336000.0000000001
2024-02-02T14:49:15.729482072Z,SPX   240216C04850000,B,84,336000.0000000001
2024-03-05T20:32:01.597651719Z,SPX   240315P05145000,S,100,336000.0
2024-03-05T14:43:08.318120639Z,SPX   240315P05145000,B,100,336000.0
2024-03-08T15:16:00.993621549Z,SPX   240315C05150000,S,96,336000.0
2024-03-08T20:59:36.268368376Z,SPX   240315C05150000,B,96,336000.0
2024-01-11T14:35:38.169168638Z,SPX   240119C04750000,S,100,336000.0
2024-01-11T16:58:36.101662371Z,SPX   240119C04750000,B,100,336000.0
2024-03-20T19:27:27.177748764Z,SPX   240517C05100000,S,100,335999.99999999994
2024-03-20T17:31:14.049706532Z,SPX   240517C05100000,B,100,335999.99999999994
2024-02-01T20:26:49.068486796Z,SPX   240315C04750000,S,100,335999.99999999994
2024-02-01T16:15:08.206042719Z,SPX   240315C04750000,B,100,335999.99999999994
2024-02-02T20:10:15.480158663Z,SPX   240216C04925000,S,100,335999.99999999994
2024-02-02T14:39:58.949546849Z,SPX   240216C04925000,B,100,335999.99999999994
2024-02-02T19:49:11.960626563Z,SPX   240315C04900000,S,89,335529.9999999999
2024-02-02T14:43:24.706445421Z,SPX   240315C04900000,B,89,335529.9999999999
2024-03-08T15:10:24.388877724Z,SPX   240315C05150000,S,100,335000.0
2024-03-08T18:48:45.374327907Z,SPX   240315C05150000,B,100,335000.0
2024-03-08T15:10:24.388573754Z,SPX   240315C05150000,S,100,335000.0
2024-03-08T20:53:50.145111387Z,SPX   240315C05150000,B,100,335000.0
2024-03-08T15:10:24.388260972Z,SPX   240315C05150000,S,100,335000.0
2024-03-08T18:48:45.373701118Z,SPX   240315C05150000,B,100,335000.0
2024-03-08T15:10:24.388020404Z,SPX   240315C05150000,S,100,335000.0
2024-03-08T18:48:45.373997035Z,SPX   240315C05150000,B,100,335000.0
2024-03-05T14:30:11.270064303Z,SPX   240315C05000000,S,100,335000.0
2024-03-05T20:41:42.741504599Z,SPX   240315C05000000,B,100,335000.0
2024-02-02T20:33:24.294289403Z,SPX   240315C04935000,S,100,335000.0
2024-02-02T14:37:15.225115395Z,SPX   240315C04935000,B,100,335000.0
2024-02-02T20:33:24.294289403Z,SPX   240315C04935000,S,100,335000.0
2024-02-02T14:37:15.225247889Z,SPX   240315C04935000,B,100,335000.0
2024-03-08T14:58:30.727015232Z,SPX   240419C05075000,S,90,334800.0000000001
2024-03-08T20:40:19.341019338Z,SPX   240419C05075000,B,90,334800.0000000001
2024-03-14T19:37:45.683623634Z,SPX   240315P05175000,S,100,334000.00000000006
2024-03-14T13:38:06.614095486Z,SPX   240315P05175000,B,100,334000.00000000006
2024-01-08T20:56:22.988513896Z,SPX   240119C04710000,S,100,334000.00000000006
2024-01-08T14:44:28.967528416Z,SPX   240119C04710000,B,100,334000.00000000006
2024-03-08T15:13:40.826873783Z,SPX   240315C05150000,S,100,334000.0
2024-03-08T18:48:45.373997035Z,SPX   240315C05150000,B,100,334000.0
2024-02-02T19:54:27.765377510Z,SPX   240315C04930000,S,100,333999.9999999999
2024-02-02T14:39:17.648900582Z,SPX   240315C04930000,B,100,333999.9999999999
2024-02-02T19:29:28.295135246Z,SPX   240216C04850000,S,100,333000.0000000001
2024-02-02T15:16:51.745639692Z,SPX   240216C04850000,B,100,333000.0000000001
2024-02-22T19:25:59.066839619Z,SPX   240315C05050000,S,100,332999.99999999994
2024-02-22T14:34:44.253812787Z,SPX   240315C05050000,B,100,332999.99999999994
2024-02-02T19:55:18.510541759Z,SPX   240315C04930000,S,100,332999.99999999994
2024-02-02T14:39:17.649211266Z,SPX   240315C04930000,B,100,332999.99999999994
2024-02-02T19:54:07.803299066Z,SPX   240315C04930000,S,100,332999.99999999994
2024-02-02T14:39:17.649517144Z,SPX   240315C04930000,B,100,332999.99999999994
2024-02-01T16:29:09.252121467Z,SPX   240621P05050000,S,100,332999.9999999998
2024-02-01T21:12:44.796183907Z,SPX   240621P05050000,B,100,332999.9999999998
2024-01-19T15:07:57.700983299Z,SPX   240419P05000000,S,100,332999.9999999998
2024-01-19T20:36:53.505789074Z,SPX   240419P05000000,B,100,332999.9999999998
2024-01-19T15:22:42.449619576Z,SPX   240216P05000000,S,82,332920.0000000002
2024-01-19T20:52:26.808567983Z,SPX   240216P05000000,B,82,332920.0000000002
2024-03-08T18:48:06.301539148Z,SPX   240719P05300000,S,94,332760.00000000006
2024-03-08T15:32:30.815917618Z,SPX   240719P05300000,B,94,332760.00000000006
2024-02-02T17:37:05.247443792Z,SPX   240216C04845000,S,97,332710.0
2024-02-02T14:53:41.249591563Z,SPX   240216C04845000,B,97,332710.0
2024-02-02T17:37:05.247438852Z,SPX   240216C04845000,S,97,332710.0
2024-02-02T14:53:41.249591563Z,SPX   240216C04845000,B,97,332710.0
2024-03-08T15:13:40.826873783Z,SPX   240315C05150000,S,100,332000.00000000006
2024-03-08T18:47:47.102775139Z,SPX   240315C05150000,B,100,332000.00000000006
2024-03-08T15:05:07.982575877Z,SPX   240315C05150000,S,100,332000.00000000006
2024-03-08T20:51:15.524314945Z,SPX   240315C05150000,B,100,332000.00000000006
2024-02-02T19:52:58.304686786Z,SPX   240216C04900000,S,100,332000.00000000006
2024-02-02T14:45:51.293071898Z,SPX   240216C04900000,B,100,332000.00000000006
2024-03-20T20:11:15.633699590Z,SPX   240621C05200000,S,100,331999.9999999999
2024-03-20T17:31:38.217466299Z,SPX   240621C05200000,B,100,331999.9999999999
2024-02-22T19:26:31.840595553Z,SPX   240517C05050000,S,100,331999.9999999999
2024-02-22T14:31:34.976605278Z,SPX   240517C05050000,B,100,331999.9999999999
2024-03-12T20:14:18.902603607Z,SPX   240419C05100000,S,100,331999.9999999999
2024-03-12T13:44:28.137215417Z,SPX   240419C05100000,B,100,331999.9999999999
2024-03-05T14:35:20.827360007Z,SPX   240315C04900000,S,100,331999.9999999999
2024-03-05T20:14:34.411769992Z,SPX   240315C04900000,B,100,331999.9999999999
2024-01-08T15:36:41.371313166Z,SPX   240119P05000000,S,100,331000.00000000023
2024-01-08T21:02:46.024812250Z,SPX   240119P05000000,B,100,331000.00000000023
2024-01-08T15:36:41.371313166Z,SPX   240119P05000000,S,100,331000.00000000023
2024-01-08T21:02:45.966065998Z,SPX   240119P05000000,B,100,331000.00000000023
2024-02-02T19:50:24.165372429Z,SPX   240315C04950000,S,100,331000.0000000001
2024-02-02T14:31:23.803494142Z,SPX   240315C04950000,B,100,331000.0000000001
2024-01-08T20:56:22.988513896Z,SPX   240119C04710000,S,100,331000.0000000001
2024-01-08T14:52:49.379456671Z,SPX   240119C04710000,B,100,331000.0000000001
2024-03-08T15:55:57.124494408Z,SPX   240719C05150000,S,100,330999.99999999994
2024-03-08T20:57:41.053367591Z,SPX   240719C05150000,B,100,330999.99999999994
2024-03-12T19:43:07.991362359Z,SPX   240419C05100000,S,100,330999.99999999994
2024-03-12T13:44:28.137215417Z,SPX   240419C05100000,B,100,330999.99999999994
2024-02-22T19:25:53.466591682Z,SPX   240315C05050000,S,100,330999.99999999994
2024-02-22T14:34:44.253812787Z,SPX   240315C05050000,B,100,330999.99999999994
2024-02-02T20:12:06.990270240Z,SPX   240315C04945000,S,100,330999.99999999994
2024-02-02T15:32:50.250428278Z,SPX   240315C04945000,B,100,330999.99999999994
2024-02-02T20:12:06.990259882Z,SPX   240315C04945000,S,100,330999.99999999994
2024-02-02T15:32:50.250428278Z,SPX   240315C04945000,B,100,330999.99999999994
2024-02-02T20:12:06.990259882Z,SPX   240315C04945000,S,100,330999.99999999994
2024-02-02T15:32:50.249682193Z,SPX   240315C04945000,B,100,330999.99999999994
2024-03-08T14:58:30.727015232Z,SPX   240419C05075000,S,90,330300.0000000001
2024-03-08T20:40:17.734601327Z,SPX   240419C05075000,B,90,330300.0000000001
2024-01-19T20:35:49.475580163Z,SPX   240621C04600000,S,100,330000.0
2024-01-19T15:28:46.623671849Z,SPX   240621C04600000,B,100,330000.0
2024-03-08T15:00:49.061166814Z,SPX   240419C05150000,S,100,330000.0
2024-03-08T18:54:07.703875472Z,SPX   240419C05150000,B,100,330000.0
2024-01-19T20:33:45.306210667Z,SPX   240315C04700000,S,100,330000.0
2024-01-19T15:03:24.850577888Z,SPX   240315C04700000,B,100,330000.0
2024-02-01T16:09:35.551869427Z,SPX   240216P04900000,S,100,330000.0
2024-02-01T21:13:50.602104188Z,SPX   240216P04900000,B,100,330000.0
2024-03-08T15:16:58.547238015Z,SPX   240315C05125000,S,85,329799.99999999994
2024-03-08T21:00:04.698200557Z,SPX   240315C05125000,B,85,329799.99999999994
2024-02-02T20:07:47.592591085Z,SPX   240315C04900000,S,96,329280.0
2024-02-02T15:21:06.390240237Z,SPX   240315C04900000,B,96,329280.0
2024-03-08T15:18:18.962238577Z,SPX   240315C05150000,S,100,329000.00000000006
2024-03-08T20:53:14.542681981Z,SPX   240315C05150000,B,100,329000.00000000006
2024-02-22T19:29:26.899610638Z,SPX   240315C05050000,S,100,329000.00000000006
2024-02-22T14:34:44.253817885Z,SPX   240315C05050000,B,100,329000.00000000006
2024-02-22T19:29:26.899588524Z,SPX   240315C05050000,S,100,329000.00000000006
2024-02-22T14:34:44.253817885Z,SPX   240315C05050000,B,100,329000.00000000006
2024-02-02T20:20:46.835455583Z,SPX   240315C04950000,S,100,329000.00000000006
2024-02-02T14:31:23.803494142Z,SPX   240315C04950000,B,100,329000.00000000006
2024-01-08T20:41:29.410471835Z,SPX   240119C04700000,S,100,329000.00000000006
2024-01-08T14:51:15.163996841Z,SPX   240119C04700000,B,100,329000.00000000006
2024-01-19T15:07:57.700983299Z,SPX   240419P05000000,S,100,328999.99999999977
2024-01-19T19:13:55.847321880Z,SPX   240419P05000000,B,100,328999.99999999977
2024-03-08T17:57:07.977909326Z,SPX   240315P05200000,S,91,328510.0
2024-03-08T15:15:22.527390156Z,SPX   240315P05200000,B,91,328510.0
2024-03-01T19:32:42.186066499Z,SPX   240315C04800000,S,100,328000.0000000001
2024-03-01T14:46:07.360838227Z,SPX   240315C04800000,B,100,328000.0000000001
2024-01-19T15:05:09.947971840Z,SPX   240216P05000000,S,100,328000.0000000001
2024-01-19T20:53:14.033986264Z,SPX   240216P05000000,B,100,328000.0000000001
2024-01-19T15:05:09.948000371Z,SPX   240216P05000000,S,100,328000.0000000001
2024-01-19T20:53:14.033986264Z,SPX   240216P05000000,B,100,328000.0000000001
2024-03-08T20:59:50.513285565Z,SPX   240315P05180000,S,100,328000.00000000006
2024-03-08T15:10:07.115250037Z,SPX   240315P05180000,B,100,328000.00000000006
2024-02-02T20:14:18.109832836Z,SPX   240419C05000000,S,100,327999.99999999994
2024-02-02T14:37:36.820683024Z,SPX   240419C05000000,B,100,327999.99999999994
2024-03-08T14:45:14.627202927Z,SPX   240419C04950000,S,100,327999.9999999998
2024-03-08T18:36:37.979314368Z,SPX   240419C04950000,B,100,327999.9999999998
2024-01-19T15:15:37.546094107Z,SPX   240315P05000000,S,100,327999.9999999998
2024-01-19T19:18:42.056289392Z,SPX   240315P05000000,B,100,327999.9999999998
2024-01-19T19:28:51.812709963Z,SPX   240315C04800000,S,100,327999.9999999998
2024-01-19T14:49:29.049441265Z,SPX   240315C04800000,B,100,327999.9999999998
2024-03-01T19:30:08.678690241Z,SPX   240419C04950000,S,100,327000.0000000002
2024-03-01T14:49:51.199305318Z,SPX   240419C04950000,B,100,327000.0000000002
2024-01-19T19:14:35.686287351Z,SPX   240419C04750000,S,100,327000.0000000002
2024-01-19T14:55:56.408465228Z,SPX   240419C04750000,B,100,327000.0000000002
2024-03-20T14:04:04.268191624Z,SPX   240419P05265000,S,100,327000.00000000006
2024-03-20T20:07:25.115776053Z,SPX   240419P05265000,B,100,327000.00000000006
2024-02-22T19:25:14.823446692Z,SPX   240315C05050000,S,100,327000.00000000006
2024-02-22T14:37:04.688968572Z,SPX   240315C05050000,B,100,327000.00000000006
2024-03-05T14:30:05.392647394Z,SPX   240315C04990000,S,100,327000.00000000006
2024-03-05T20:42:52.756484842Z,SPX   240315C04990000,B,100,327000.00000000006
2024-02-02T19:55:15.577796882Z,SPX   240315C04900000,S,100,327000.00000000006
2024-02-02T15:36:35.954579541Z,SPX   240315C04900000,B,100,327000.00000000006
2024-02-02T19:55:19.636696527Z,SPX   240216C04900000,S,100,327000.00000000006
2024-02-02T14:45:51.293071898Z,SPX   240216C04900000,B,100,327000.00000000006
2024-01-08T20:41:18.061686266Z,SPX   240119C04700000,S,100,327000.00000000006
2024-01-08T14:51:15.163996841Z,SPX   240119C04700000,B,100,327000.00000000006
2024-01-08T20:05:19.710583643Z,SPX   240119C04675000,S,100,327000.00000000006
2024-01-08T14:47:28.409459134Z,SPX   240119C04675000,B,100,327000.00000000006
2024-01-19T20:05:55.207364050Z,SPX   240315C04750000,S,99,326700.0
2024-01-19T15:12:16.276820579Z,SPX   240315C04750000,B,99,326700.0
2024-02-02T19:29:28.295139919Z,SPX   240216C04865000,S,100,326000.0000000001
2024-02-02T15:16:41.274860108Z,SPX   240216C04865000,B,100,326000.0000000001
2024-01-08T20:56:22.955518943Z,SPX   240119C04710000,S,100,326000.0000000001
2024-01-08T14:34:50.161840778Z,SPX   240119C04710000,B,100,326000.0000000001
2024-01-31T14:35:04.657086035Z,SPX   240216C04850000,S,100,326000.0
2024-01-31T20:59:31.681736555Z,SPX   240216C04850000,B,100,326000.0
2024-01-31T14:35:04.656810742Z,SPX   240216C04850000,S,100,326000.0
2024-01-31T20:59:31.682592367Z,SPX   240216C04850000,B,100,326000.0
2024-03-08T15:00:35.695500801Z,SPX   240419C05150000,S,100,325999.99999999994
2024-03-08T20:56:59.722729499Z,SPX   240419C05150000,B,100,325999.99999999994
2024-03-20T19:35:18.071634789Z,SPX   240419C05000000,S,100,325999.99999999994
2024-03-20T13:49:38.144415623Z,SPX   240419C05000000,B,100,325999.99999999994
2024-03-05T20:16:22.936310243Z,SPX   240315P05125000,S,100,325999.99999999994
2024-03-05T15:03:47.613630527Z,SPX   240315P05125000,B,100,325999.99999999994
2024-02-02T20:00:11.568286768Z,SPX   240315C04935000,S,90,325800.00000000006
2024-02-02T14:37:15.225744242Z,SPX   240315C04935000,B,90,325800.00000000006
2024-02-22T20:26:48.090805732Z,SPX   240419C05000000,S,100,325000.0
2024-02-22T14:33:28.687023729Z,SPX   240419C05000000,B,100,325000.0
2024-02-22T19:28:38.762848816Z,SPX   240315C05050000,S,100,325000.0
2024-02-22T14:37:04.688968572Z,SPX   240315C05050000,B,100,325000.0
2024-02-02T19:18:01.882908274Z,SPX   240315C04930000,S,100,325000.0
2024-02-02T14:39:17.650494420Z,SPX   240315C04930000,B,100,325000.0
2024-01-19T20:05:55.207364050Z,SPX   240315C04750000,S,100,325000.0
2024-01-19T15:33:35.266766552Z,SPX   240315C04750000,B,100,325000.0
2024-02-02T19:45:13.803944400Z,SPX   240216C04900000,S,100,325000.0
2024-02-02T14:45:51.293071898Z,SPX   240216C04900000,B,100,325000.0
2024-03-12T19:29:35.066039523Z,SPX   240419C05125000,S,100,324000.00000000006
2024-03-12T13:50:13.047450831Z,SPX   240419C05125000,B,100,324000.00000000006
2024-02-02T19:46:50.574959053Z,SPX   240315C04950000,S,100,324000.00000000006
2024-02-02T14:31:18.173426327Z,SPX   240315C04950000,B,100,324000.00000000006
2024-01-31T14:42:52.208214189Z,SPX   240315C04800000,S,100,324000.00000000006
2024-01-31T20:42:18.605041725Z,SPX   240315C04800000,B,100,324000.00000000006
2024-01-08T20:57:45.186665814Z,SPX   240315C04700000,S,100,324000.00000000006
2024-01-08T14:49:15.374966768Z,SPX   240315C04700000,B,100,324000.00000000006
2024-01-11T14:30:18.248229180Z,SPX   240216C04725000,S,100,324000.00000000006
2024-01-11T16:44:48.290232663Z,SPX   240216C04725000,B,100,324000.00000000006
2024-03-12T19:54:01.456223003Z,SPX   240315C05130000,S,100,324000.0
2024-03-12T13:47:11.072328604Z,SPX   240315C05130000,B,100,324000.0
2024-02-22T19:28:38.762845114Z,SPX   240315C05050000,S,100,324000.0
2024-02-22T14:36:08.804801401Z,SPX   240315C05050000,B,100,324000.0
2024-02-22T19:28:38.762839371Z,SPX   240315C05050000,S,100,324000.0
2024-02-22T14:36:08.804801401Z,SPX   240315C05050000,B,100,324000.0
2024-02-02T19:15:42.184981682Z,SPX   240517C04900000,S,100,323000.0000000001
2024-02-02T14:56:39.579516678Z,SPX   240517C04900000,B,100,323000.0000000001
2024-03-20T14:03:56.577712894Z,SPX   240419P05265000,S,100,323000.0000000001
2024-03-20T20:07:25.115776053Z,SPX   240419P05265000,B,100,323000.0000000001
2024-03-01T19:55:09.654610537Z,SPX   240419C04925000,S,100,323000.0000000001
2024-03-01T14:41:36.511442330Z,SPX   240419C04925000,B,100,323000.0000000001
2024-02-02T17:35:55.078592091Z,SPX   240315C04710000,S,100,323000.0000000001
2024-02-02T15:05:50.781542725Z,SPX   240315C04710000,B,100,323000.0000000001
2024-03-05T15:09:23.767753742Z,SPX   240315C04000000,S,100,322999.99999999953
2024-03-05T19:54:50.494859144Z,SPX   240315C04000000,B,100,322999.99999999953
2024-01-08T20:34:33.064966895Z,SPX   240216C04000000,S,100,322999.99999999953
2024-01-08T15:09:30.850100767Z,SPX   240216C04000000,B,100,322999.99999999953
2024-03-08T15:23:30.299365591Z,SPX   240419C05150000,S,100,322000.00000000006
2024-03-08T18:50:27.838509842Z,SPX   240419C05150000,B,100,322000.00000000006
2024-02-02T19:51:22.781976559Z,SPX   240419C05000000,S,100,322000.00000000006
2024-02-02T14:37:36.820683024Z,SPX   240419C05000000,B,100,322000.00000000006
2024-03-08T14:57:19.403452427Z,SPX   240315C05110000,S,100,322000.00000000006
2024-03-08T18:06:19.416262550Z,SPX   240315C05110000,B,100,322000.00000000006
2024-03-08T14:57:19.403452427Z,SPX   240315C05110000,S,100,322000.00000000006
2024-03-08T18:06:19.416258432Z,SPX   240315C05110000,B,100,322000.00000000006
2024-03-20T19:40:10.526301152Z,SPX   240920C05100000,S,100,321999.9999999999
2024-03-20T17:43:34.428094969Z,SPX   240920C05100000,B,100,321999.9999999999
2024-01-19T16:50:01.760004194Z,SPX   240216P05000000,S,100,321999.9999999999
2024-01-19T20:53:14.091960347Z,SPX   240216P05000000,B,100,321999.9999999999
2024-01-19T19:29:14.348484302Z,SPX   240216C04775000,S,100,321999.9999999999
2024-01-19T14:42:53.496012417Z,SPX   240216C04775000,B,100,321999.9999999999
2024-03-01T19:10:56.646084182Z,SPX   240315C04800000,S,100,321000.00000000023
2024-03-01T14:46:07.360852246Z,SPX   240315C04800000,B,100,321000.00000000023
2024-03-05T20:41:11.225038028Z,SPX   240315P05150000,S,100,321000.0
2024-03-05T15:06:09.940983886Z,SPX   240315P05150000,B,100,321000.0
2024-03-08T18:41:33.559897929Z,SPX   240315P05150000,S,100,321000.0
2024-03-08T15:07:02.393024314Z,SPX   240315P05150000,B,100,321000.0
2024-03-08T18:41:33.559592336Z,SPX   240315P05150000,S,100,321000.0
2024-03-08T15:07:02.393024314Z,SPX   240315P05150000,B,100,321000.0
2024-03-08T15:12:51.601434968Z,SPX   240315C05150000,S,100,321000.0
2024-03-08T18:47:11.012674369Z,SPX   240315C05150000,B,100,321000.0
2024-03-08T14:48:10.721198225Z,SPX   240315C05140000,S,100,321000.0
2024-03-08T18:42:34.457891883Z,SPX   240315C05140000,B,100,321000.0
2024-03-08T14:48:10.721198225Z,SPX   240315C05140000,S,100,321000.0
2024-03-08T18:42:29.056160287Z,SPX   240315C05140000,B,100,321000.0
2024-03-08T15:01:50.010448926Z,SPX   240315C05155000,S,100,320999.99999999994
2024-03-08T18:51:22.457494347Z,SPX   240315C05155000,B,100,320999.99999999994
2024-02-02T20:12:39.633427519Z,SPX   240315C04925000,S,100,320999.99999999994
2024-02-02T15:37:59.379313726Z,SPX   240315C04925000,B,100,320999.99999999994
2024-01-19T21:08:51.976780852Z,SPX   240315C04800000,S,100,320999.99999999994
2024-01-19T14:49:29.049441265Z,SPX   240315C04800000,B,100,320999.99999999994
2024-03-01T19:27:35.335169508Z,SPX   240517C05000000,S,100,320000.0
2024-03-01T14:57:11.319615425Z,SPX   240517C05000000,B,100,320000.0
2024-03-12T19:38:44.963527633Z,SPX   240315C05125000,S,100,320000.0
2024-03-12T13:46:48.145375095Z,SPX   240315C05125000,B,100,320000.0
2024-01-19T19:50:13.529098189Z,SPX   240315C04000000,S,100,320000.0
2024-01-19T15:01:37.283506769Z,SPX   240315C04000000,B,100,320000.0
2024-01-08T20:59:18.661938387Z,SPX   240119C04725000,S,100,320000.0
2024-01-08T14:43:40.859797403Z,SPX   240119C04725000,B,100,320000.0
2024-02-02T20:22:13.885048509Z,SPX   240621C04950000,S,100,319000.00000000006
2024-02-02T15:35:14.006609229Z,SPX   240621C04950000,B,100,319000.00000000006
2024-03-08T15:23:30.299365591Z,SPX   240419C05150000,S,100,319000.00000000006
2024-03-08T20:56:43.439189450Z,SPX   240419C05150000,B,100,319000.00000000006
2024-03-08T14:57:19.403452427Z,SPX   240315C05110000,S,100,319000.00000000006
2024-03-08T18:24:17.730585416Z,SPX   240315C05110000,B,100,319000.00000000006
2024-01-19T16:49:37.969969452Z,SPX   240216P05000000,S,100,319000.00000000006
2024-01-19T20:38:24.681010805Z,SPX   240216P05000000,B,100,319000.00000000006
2024-02-13T20:38:46.718159118Z,SPX   240216P05000000,S,100,319000.00000000006
2024-02-13T16:42:45.322362599Z,SPX   240216P05000000,B,100,319000.00000000006
2024-01-18T18:02:43.049731631Z,SPX   240119P04800000,S,100,319000.0
2024-01-18T20:51:45.250852492Z,SPX   240119P04800000,B,100,319000.0
2024-02-02T20:05:53.523613217Z,SPX   240216C04925000,S,100,318999.9999999999
2024-02-02T14:39:58.949546849Z,SPX   240216C04925000,B,100,318999.9999999999
2024-03-12T18:07:21.774029003Z,SPX   240315C04675000,S,86,318200.0
2024-03-12T13:50:55.533182162Z,SPX   240315C04675000,B,86,318200.0
2024-01-19T15:13:05.027145050Z,SPX   240315P05000000,S,93,318060.0000000002
2024-01-19T19:50:13.471650629Z,SPX   240315P05000000,B,93,318060.0000000002
2024-02-02T20:14:01.677503943Z,SPX   240315C04925000,S,100,318000.0000000001
2024-02-02T14:48:40.411926907Z,SPX   240315C04925000,B,100,318000.0000000001
2024-02-02T19:39:41.336821095Z,SPX   240517C05000000,S,100,317999.99999999994
2024-02-02T14:50:47.510842580Z,SPX   240517C05000000,B,100,317999.99999999994
2024-03-08T14:59:35.198074275Z,SPX   240419C05150000,S,100,317999.99999999994
2024-03-08T20:56:46.484763231Z,SPX   240419C05150000,B,100,317999.99999999994
2024-03-08T15:00:49.061778390Z,SPX   240315C05150000,S,100,317999.99999999994
2024-03-08T20:52:12.451934295Z,SPX   240315C05150000,B,100,317999.99999999994
2024-01-11T14:38:11.430403527Z,SPX   240216C04750000,S,100,317999.99999999994
2024-01-11T17:00:54.075776093Z,SPX   240216C04750000,B,100,317999.99999999994
2024-01-11T14:38:11.430403527Z,SPX   240216C04750000,S,100,317999.99999999994
2024-01-11T17:00:50.195703525Z,SPX   240216C04750000,B,100,317999.99999999994
2024-01-11T20:58:14.463998358Z,SPX   240119C04675000,S,100,317999.99999999994
2024-01-11T16:55:27.030448735Z,SPX   240119C04675000,B,100,317999.99999999994
2024-01-19T15:07:57.700708409Z,SPX   240419P05000000,S,100,317999.9999999998
2024-01-19T19:11:37.685597854Z,SPX   240419P05000000,B,100,317999.9999999998
2024-01-29T20:59:35.376610058Z,SPX   240216C04800000,S,100,317000.0000000002
2024-01-29T15:34:23.061488143Z,SPX   240216C04800000,B,100,317000.0000000002
2024-03-08T14:59:35.198074275Z,SPX   240419C05150000,S,100,317000.00000000006
2024-03-08T20:56:44.504555313Z,SPX   240419C05150000,B,100,317000.00000000006
2024-02-02T20:01:00.430779227Z,SPX   240216C04925000,S,100,317000.00000000006
2024-02-02T14:39:58.949546849Z,SPX   240216C04925000,B,100,317000.00000000006
2024-01-08T20:41:18.061691358Z,SPX   240119C04690000,S,100,317000.00000000006
2024-01-08T14:58:40.327354606Z,SPX   240119C04690000,B,100,317000.00000000006
2024-01-08T20:59:07.771487549Z,SPX   240119C04725000,S,100,317000.0
2024-01-08T14:43:55.638660326Z,SPX   240119C04725000,B,100,317000.0
2024-02-02T20:22:52.385851399Z,SPX   240621C04950000,S,100,316999.9999999999
2024-02-02T15:35:14.064030286Z,SPX   240621C04950000,B,100,316999.9999999999
2024-03-08T15:59:00.359600633Z,SPX   240419C04975000,S,100,316999.9999999999
2024-03-08T17:56:42.613821954Z,SPX   240419C04975000,B,100,316999.9999999999
2024-01-19T16:50:35.626290089Z,SPX   240216P05000000,S,100,316999.9999999999
2024-01-19T20:25:49.204445341Z,SPX   240216P05000000,B,100,316999.9999999999
2024-01-31T14:54:15.529096197Z,SPX   240216C04775000,S,100,316999.9999999999
2024-01-31T20:58:46.925767946Z,SPX   240216C04775000,B,100,316999.9999999999
2024-02-02T20:07:46.996963225Z,SPX   240315C04900000,S,86,316480.0
2024-02-02T14:54:43.425048078Z,SPX   240315C04900000,B,86,316480.0
2024-03-08T15:00:49.061171844Z,SPX   240315C05150000,S,100,316000.0
2024-03-08T18:47:27.303622703Z,SPX   240315C05150000,B,100,316000.0
2024-03-08T15:00:49.061462167Z,SPX   240315C05150000,S,100,316000.0
2024-03-08T20:45:34.548571264Z,SPX   240315C05150000,B,100,316000.0
2024-02-22T19:28:38.762839371Z,SPX   240315C05050000,S,100,316000.0
2024-02-22T14:38:16.824148600Z,SPX   240315C05050000,B,100,316000.0
2024-02-22T19:27:24.831398067Z,SPX   240315C05050000,S,100,316000.0
2024-02-22T14:38:16.824148600Z,SPX   240315C05050000,B,100,316000.0
2024-02-22T19:32:41.875040655Z,SPX   240315C05025000,S,100,315999.99999999994
2024-02-22T14:38:35.316744127Z,SPX   240315C05025000,B,100,315999.99999999994
2024-01-19T21:08:51.976780852Z,SPX   240315C04800000,S,100,315999.99999999994
2024-01-19T14:49:09.439443165Z,SPX   240315C04800000,B,100,315999.99999999994
2024-01-19T21:08:14.946442721Z,SPX   240315C04800000,S,100,315999.99999999994
2024-01-19T14:49:09.439443165Z,SPX   240315C04800000,B,100,315999.99999999994
2024-03-08T15:11:02.575339020Z,SPX   240315C05150000,S,100,315000.00000000006
2024-03-08T20:45:34.548571264Z,SPX   240315C05150000,B,100,315000.00000000006
2024-03-12T18:35:37.665163769Z,SPX   240419C05050000,S,100,315000.0
2024-03-12T13:55:19.997753986Z,SPX   240419C05050000,B,100,315000.0
2024-03-08T18:26:51.883958010Z,SPX   240315P05180000,S,100,315000.0
2024-03-08T15:16:53.860908204Z,SPX   240315P05180000,B,100,315000.0
2024-03-08T15:14:04.804546289Z,SPX   240315C05125000,S,75,315000.0
2024-03-08T18:44:27.989996573Z,SPX   240315C05125000,B,75,315000.0
2024-02-02T19:55:18.510541759Z,SPX   240315C04940000,S,100,315000.0
2024-02-02T15:12:14.388139642Z,SPX   240315C04940000,B,100,315000.0
2024-02-02T19:55:18.510541759Z,SPX   240315C04940000,S,100,315000.0
2024-02-02T15:12:01.681790953Z,SPX   240315C04940000,B,100,315000.0
2024-02-02T19:54:27.765377510Z,SPX   240315C04940000,S,100,315000.0
2024-02-02T15:12:14.448489491Z,SPX   240315C04940000,B,100,315000.0
2024-03-08T18:57:27.158301223Z,SPX   240315P05160000,S,100,314999.99999999994
2024-03-08T15:16:44.984817831Z,SPX   240315P05160000,B,100,314999.99999999994
2024-03-08T18:57:27.158301223Z,SPX   240315P05160000,S,100,314999.99999999994
2024-03-08T15:16:44.984823081Z,SPX   240315P05160000,B,100,314999.99999999994
2024-01-08T15:14:22.656937182Z,SPX   240119P04770000,S,100,314999.9999999999
2024-01-08T21:14:45.169265638Z,SPX   240119P04770000,B,100,314999.9999999999
2024-01-31T19:46:29.851119607Z,SPX   241220C04700000,S,91,314859.99999999965
2024-01-31T21:13:27.609651167Z,SPX   241220C04700000,B,91,314859.99999999965
2024-03-08T15:59:12.617113904Z,SPX   240419C04975000,S,100,314000.00000000006
2024-03-08T17:56:42.613821954Z,SPX   240419C04975000,B,100,314000.00000000006
2024-03-08T15:59:10.781053372Z,SPX   240419C04975000,S,100,314000.00000000006
2024-03-08T17:56:42.613821954Z,SPX   240419C04975000,B,100,314000.00000000006
2024-02-02T19:54:07.803303038Z,SPX   240315C04940000,S,100,314000.00000000006
2024-02-02T15:08:01.146651603Z,SPX   240315C04940000,B,100,314000.00000000006
2024-02-02T19:34:00.760693989Z,SPX   240315C04900000,S,100,314000.00000000006
2024-02-02T15:36:21.955600398Z,SPX   240315C04900000,B,100,314000.00000000006
2024-03-12T18:34:34.284211272Z,SPX   240315C05120000,S,100,314000.0
2024-03-12T13:47:55.847604891Z,SPX   240315C05120000,B,100,314000.0
2024-01-31T14:30:08.891094398Z,SPX   240216C04805000,S,100,313999.9999999999
2024-01-31T20:38:06.526367869Z,SPX   240216C04805000,B,100,313999.9999999999
2024-02-02T19:34:01.805178139Z,SPX   240621C04900000,S,100,313000.0000000001
2024-02-02T15:21:55.757890054Z,SPX   240621C04900000,B,100,313000.0000000001
2024-02-02T19:34:01.805178139Z,SPX   240621C04900000,S,100,313000.0000000001
2024-02-02T15:21:55.757554546Z,SPX   240621C04900000,B,100,313000.0000000001
2024-02-02T14:54:16.689849997Z,SPX   240517P05100000,S,100,313000.0000000001
2024-02-02T20:13:34.957733985Z,SPX   240517P05100000,B,100,313000.0000000001
2024-02-02T14:54:14.911112458Z,SPX   240517P05100000,S,100,313000.0000000001
2024-02-02T20:13:34.957733985Z,SPX   240517P05100000,B,100,313000.0000000001
2024-01-19T19:17:45.439035542Z,SPX   240419C04750000,S,100,313000.0000000001
2024-01-19T14:55:54.310830182Z,SPX   240419C04750000,B,100,313000.0000000001
2024-02-02T19:16:49.359697533Z,SPX   240315C04900000,S,100,313000.0000000001
2024-02-02T15:36:21.955600398Z,SPX   240315C04900000,B,100,313000.0000000001
2024-01-31T14:42:52.208234265Z,SPX   240216C04850000,S,100,313000.00000000006
2024-01-31T20:59:31.683208803Z,SPX   240216C04850000,B,100,313000.00000000006
2024-03-08T17:52:19.277706458Z,SPX   240315P05200000,S,100,312999.99999999994
2024-03-08T15:05:06.510522521Z,SPX   240315P05200000,B,100,312999.99999999994
2024-02-13T20:20:17.777028401Z,SPX   240315P05000000,S,100,312999.99999999994
2024-02-13T16:43:52.698876629Z,SPX   240315P05000000,B,100,312999.99999999994
2024-02-22T20:27:52.675397624Z,SPX   240315C05000000,S,100,312999.99999999994
2024-02-22T14:44:40.136878160Z,SPX   240315C05000000,B,100,312999.99999999994
2024-01-19T19:17:45.439035542Z,SPX   240419C04750000,S,100,312000.0000000002
2024-01-19T14:55:57.550111846Z,SPX   240419C04750000,B,100,312000.0000000002
2024-01-19T19:17:45.439180665Z,SPX   240419C04750000,S,100,312000.0000000002
2024-01-19T14:56:01.084188018Z,SPX   240419C04750000,B,100,312000.0000000002
2024-03-08T15:24:22.198523357Z,SPX   240419C05150000,S,100,312000.00000000006
2024-03-08T20:56:56.433882967Z,SPX   240419C05150000,B,100,312000.00000000006
2024-03-08T15:24:22.135885002Z,SPX   240419C05150000,S,100,312000.00000000006
2024-03-08T20:56:56.433882967Z,SPX   240419C05150000,B,100,312000.00000000006
2024-02-02T20:44:12.489601183Z,SPX   240315C04910000,S,100,312000.00000000006
2024-02-02T15:08:20.096768637Z,SPX   240315C04910000,B,100,312000.00000000006
2024-02-13T17:41:32.437125341Z,SPX   240216C04900000,S,100,312000.00000000006
2024-02-13T20:04:22.760085147Z,SPX   240216C04900000,B,100,312000.00000000006
2024-01-31T14:42:52.208224345Z,SPX   240216C04850000,S,100,312000.00000000006
2024-01-31T21:08:37.439994530Z,SPX   240216C04850000,B,100,312000.00000000006
2024-01-31T14:42:52.208209197Z,SPX   240216C04850000,S,100,312000.00000000006
2024-01-31T21:08:37.439994530Z,SPX   240216C04850000,B,100,312000.00000000006
2024-01-08T20:41:18.061691358Z,SPX   240119C04720000,S,100,312000.00000000006
2024-01-08T14:44:33.373491581Z,SPX   240119C04720000,B,100,312000.00000000006
2024-03-14T13:44:06.536204234Z,SPX   240315C05130000,S,100,311999.99999999994
2024-03-14T19:37:44.039903577Z,SPX   240315C05130000,B,100,311999.99999999994
2024-02-02T19:53:39.211512141Z,SPX   240216C04900000,S,100,311999.99999999994
2024-02-02T15:31:21.029966392Z,SPX   240216C04900000,B,100,311999.99999999994
2024-02-02T19:52:10.088507711Z,SPX   250117C04900000,S,100,311999.9999999999
2024-02-02T15:20:22.683843204Z,SPX   250117C04900000,B,100,311999.9999999999
2024-02-02T20:23:08.613300480Z,SPX   240621C04950000,S,100,311999.9999999999
2024-02-02T15:35:14.064030286Z,SPX   240621C04950000,B,100,311999.9999999999
2024-03-08T14:43:20.366535207Z,SPX   240315C05000000,S,100,311999.9999999999
2024-03-08T19:20:32.517897363Z,SPX   240315C05000000,B,100,311999.9999999999
2024-02-02T20:23:40.708805094Z,SPX   240315C04900000,S,98,311639.99999999994
2024-02-02T15:36:35.954579541Z,SPX   240315C04900000,B,98,311639.99999999994
2024-03-08T15:19:29.212604612Z,SPX   240315C05120000,S,82,311600.0
2024-03-08T20:59:59.547403877Z,SPX   240315C05120000,B,82,311600.0
